cbsa_code,cbsa_title,cbsa_short,tot_units,tot_pop,units_pcap,h_1990,h_2000,h_2010,h_2020,h_change
10180,"Abilene, TX",Abilene,18060,6336879,0.00284998340665807,0.406434476937818,0.3853031980357577,0.3545502173672337,0.32848034038949925,-0.07795413654831873
10420,"Akron, OH",Akron,88690,27369427,0.00324047704761959,0.5986906653722032,0.5527310455376342,0.4816756155079326,0.42414970467203966,-0.1745409607001635
10580,"Albany-Schenectady-Troy, NY",Albany,112900,33368415,0.00338343909951971,0.46487707135917394,0.4714451569987075,0.4581421612964552,0.43485923292611123,-0.03001783843306271
10740,"Albuquerque, NM",Albuquerque,159026,29218316,0.00544268191226352,0.30552332441791963,0.2902279309602675,0.26281782876656934,0.28046996489882364,-0.02505335951909598
10900,"Allentown-Bethlehem-Easton, PA-NJ",Allentown,111296,29805022,0.00373413581107237,0.39624269094063685,0.3985838924036089,0.3812855734773599,0.3642313678756135,-0.03201132306502335
11100,"Amarillo, TX",Amarillo,34749,9084622,0.00382503531792517,0.571588537377879,0.5278894567975378,0.4813091660962012,0.4421419603101024,-0.12944657706777657
11460,"Ann Arbor, MI",Ann Arbor,53594,12629029,0.00424371501561996,0.3675111056424117,0.3708153907223016,0.3774581789650941,0.34677969506492373,-0.02073141057748795
11700,"Asheville, NC",Asheville,102419,14713402,0.00696093262455549,0.605546905025678,0.5246955699525893,0.41782393262412665,0.3477192244175892,-0.2578276806080888
12020,"Athens-Clarke County, GA",Athens,46874,6546776,0.00715986005936357,0.4998288532364892,0.4544764442405744,0.42255173248221545,0.385637587169338,-0.1141912660671512
12060,"Atlanta-Sandy Springs-Roswell, GA",Atlanta,1647258,166825199,0.00987415576228385,0.631914347095607,0.5618860942050742,0.5045640968471988,0.4739725050444704,-0.1579418420511366
12100,"Atlantic City-Hammonton, NJ",Atlantic City,58672,9799786,0.00598706951355876,0.6399435177781587,0.5996361280851729,0.5468679920944682,0.5063029513194834,-0.13364056645867528
12260,"Augusta-Richmond County, GA-SC",Augusta,119136,20152226,0.00591180349009583,0.5211043168014853,0.46559417968974537,0.44258514985159414,0.38909845863062587,-0.1320058581708594
12420,"Austin-Round Rock, TX",Austin,621427,51703943,0.01201894795528457,0.4722379582767087,0.4296306270051508,0.3683317827703785,0.2891701460342245,-0.18306781224248425
12540,"Bakersfield, CA",Bakersfield,142715,26962484,0.00529309539877705,0.4918913312893228,0.4190431771374904,0.4073607193615755,0.3881174533033664,-0.1037738779859564
12580,"Baltimore-Columbia-Towson, MD",Baltimore,437936,101485867,0.00431524125423296,0.6610406888016668,0.5948870178582762,0.5581312445627314,0.502364550147501,-0.15867613865416574
12940,"Baton Rouge, LA",Baton Rouge,150055,28582023,0.00524997828180321,0.6446890767053302,0.6189959323274258,0.5759260379005949,0.504409121714679,-0.14027995499065116
12980,"Battle Creek, MI",Battle Creek,10741,5470664,0.00196338141037358,0.5416947730868565,0.4905100369064984,0.4386561493455823,0.405732470937934,-0.13596230214892252
13140,"Beaumont-Port Arthur, TX",Beaumont,49427,15843933,0.00311961682746323,0.7012150218797999,0.665390327195538,0.6376045256190579,0.6034478554075852,-0.09776716647221471
13780,"Binghamton, NY",Binghamton,16574,10223004,0.00162124557517535,0.29504491642456976,0.33032595514587354,0.3214924569107354,0.3306169758485657,0.03557205942399594
13820,"Birmingham-Hoover, AL",Birmingham,172358,41717449,0.00413155655802443,0.7456970683855935,0.6947138933913192,0.631614468162475,0.5666495747320953,-0.17904749365349815
13980,"Blacksburg-Christiansburg-Radford, VA",Blacksburg,30353,6564776,0.00462361548969835,0.32901688151476677,0.2702591463734885,0.2689433997483898,0.24543167592665072,-0.08358520558811605
14010,"Bloomington, IL",Bloomington,34135,6618158,0.00515777955134948,0.2955084631237212,0.28684069111219884,0.305439920966852,0.30641198042056483,0.01090351729684363
14020,"Bloomington, IN",Bloomington,27718,5684652,0.00487593611710971,0.22763529696322984,0.23356864479630465,0.2272984761602249,0.22815998059344705,5.246836302172098e-4
14260,"Boise City, ID",Boise City,191031,19011062,0.01004841286615129,0.32206573866756744,0.27123753840996445,0.31509474300524215,0.30461526801471356,-0.01745047065285387
14460,"Boston-Cambridge-Newton, MA-NH",Boston,512696,174630248,0.00293589458797538,0.5869016704070054,0.5609883038641759,0.5221339650098449,0.47629661817455904,-0.11060505223244632
14500,"Boulder, CO",Boulder,75531,10615928,0.0071148749313296,0.2050675294734395,0.22259645962883884,0.22479406717801337,0.24048998157770077,0.03542245210426126
14740,"Bremerton-Silverdale, WA",Bremerton,51799,8814130,0.00587681370708169,0.23446554402455697,0.2347926901774068,0.21657054649607704,0.2340860752500427,-3.794687745142522e-4
14860,"Bridgeport-Stamford-Norwalk, CT",Bridgeport,95804,35076250,0.00273130679590891,0.5490628160304915,0.5366427022916576,0.5212033394988271,0.5005599966981076,-0.04850281933238387
15380,"Buffalo-Cheektowaga-Niagara Falls, NY",Buffalo,94144,46785233,0.00201225886809198,0.7010706868473121,0.6681381666075358,0.6163237702225589,0.5600833042560333,-0.14098738259127885
15940,"Canton-Massillon, OH",Canton,39277,16082230,0.00244226080587082,0.5395750496506049,0.4972420202224596,0.4586659973415622,0.42152254942904366,-0.11805250022156122
15980,"Cape Coral-Fort Myers, FL",Cape Coral,303197,18779954,0.01614471473146313,0.7418243886064406,0.6442583461892535,0.5410304082948935,0.4879016629587699,-0.2539227256476707
16060,"Carbondale-Marion, IL",Carbondale,11168,4897285,0.00228044722739232,0.4965210121829277,0.4683421276652715,0.4254993942250108,0.4199703091306045,-0.0765507030523232
16300,"Cedar Rapids, IA",Cedar Rapids,42508,9455333,0.00449566398137432,0.3792979122016332,0.35605622304825896,0.33366402113170684,0.353833125763319,-0.02546478643831423
16580,"Champaign-Urbana, IL",Champaign,39541,8667331,0.00456207337645233,0.4322255517483265,0.43094307589374903,0.4344096975449827,0.4202206143524088,-0.01200493739591768
16700,"Charleston-North Charleston, SC",Charleston,207730,23311835,0.00891092442958694,0.4970976423366113,0.4489969269948086,0.4292796561139941,0.36696187036820826,-0.13013577196840304
16740,"Charlotte-Concord-Gastonia, NC-SC",Charlotte,687920,70763920,0.00972133821868545,0.5872538142572146,0.5017842047679029,0.4540656581283448,0.3980662925743837,-0.18918752168283087
16820,"Charlottesville, VA",Charlottesville,57620,7483900,0.00769919427036705,0.39743016464625913,0.35749877536062813,0.3466001632724507,0.2890184864855737,-0.10841167816068542
16860,"Chattanooga, TN-GA",Chattanooga,94643,19286352,0.00490725254833055,0.6938472929188553,0.6285568478009307,0.5602300660865549,0.48870519166920384,-0.20514210124965143
16980,"Chicago-Naperville-Elgin, IL-IN-WI",Chicago,1177662,354989189,0.00331745877477975,0.7953888390504442,0.7550257446009212,0.707812223929944,0.66636682113843,-0.12902201791201418
17020,"Chico, CA",Chico,40499,7902688,0.0051247119967282,0.3474707104876823,0.2891770873355538,0.26851624282706027,0.271136228874746,-0.07633448161293632
17140,"Cincinnati, OH-KY-IN",Cincinnati,350300,78993463,0.00443454415968572,0.6518276540631299,0.6069020959502825,0.5484416928284,0.48319150541285094,-0.16863614865027898
17300,"Clarksville, TN-KY",Clarksville,69456,8812443,0.00788158289364254,0.34309428825900734,0.3104993467780619,0.27226576138761305,0.22024227309878328,-0.12285201516022408
17460,"Cleveland-Elyria, OH",Cleveland,203395,84521819,0.00240642005113496,0.7567641310726574,0.6993520816426307,0.6361230795041495,0.6055364499457594,-0.151227681126898
17780,"College Station-Bryan, TX",College Station,58724,7628123,0.00769835515237496,0.5702321584252876,0.5103843374559733,0.4437861631044528,0.3630189387452588,-0.2072132196800288
17820,"Colorado Springs, CO",Colorado Springs,171539,21263909,0.00806714325197685,0.254679974220446,0.25259925571651276,0.247075282266029,0.21996105231644808,-0.03471892190399794
17860,"Columbia, MO",Columbia,48106,5504691,0.00873909180369979,0.35551983984355234,0.31640782193820016,0.3035894889370002,0.2754517754111549,-0.08006806443239745
17900,"Columbia, SC",Columbia,181323,26204807,0.00691945565559784,0.5638076451415306,0.5026252611109002,0.4715681031001005,0.4239630379861272,-0.13984460715540337
17980,"Columbus, GA-AL",Columbus,52448,11338314,0.00462573183279277,0.5285090217483838,0.48467324799228734,0.4542805196350486,0.398979237641837,-0.12952978410654675
18140,"Columbus, OH",Columbus,389807,67425986,0.00578125768898655,0.5644544804018775,0.5209694680663552,0.491085763321735,0.4691912048902432,-0.09526327551163433
18580,"Corpus Christi, TX",Corpus Christi,79244,16126078,0.00491402807303797,0.5603975934981815,0.45905825998077343,0.4124304459790032,0.36558427655658127,-0.19481331694160023
18880,"Crestview-Fort Walton Beach-Destin, FL",Crestview,105001,8320601,0.01261940093029337,0.3846397012488941,0.35317160525358615,0.3201625871472357,0.28796667893392347,-0.0966730223149706
19100,"Dallas-Fort Worth-Arlington, TX",Dallas,1785034,208748080,0.00855113972784803,0.579874510039358,0.5159925590086927,0.4769184016563865,0.4246280404419625,-0.15524646959739546
19340,"Davenport-Moline-Rock Island, IA-IL",Davenport,35477,15185420,0.00233625411743633,0.47437573520181825,0.4512719988374883,0.421438241202835,0.38702245208697195,-0.0873532831148463
19380,"Dayton, OH",Dayton,89610,32101298,0.00279147590854425,0.6708982401187243,0.6292981218500997,0.5775144082365998,0.514815884041517,-0.15608235607720733
19660,"Deltona-Daytona Beach-Ormond Beach, FL",Deltona,193289,19454166,0.00993560967866728,0.6826436210097927,0.5527986278239755,0.4324033346217493,0.3819134016880358,-0.3007302193217569
19740,"Denver-Aurora-Lakewood, CO",Denver,634912,85848055,0.00739576452838681,0.49866892545164054,0.46998276472415856,0.42881694226739664,0.39611480822498873,-0.1025541172266518
19780,"Des Moines-West Des Moines, IA",Des Moines,143732,19825890,0.00724971237104614,0.49881883546150985,0.44867201985149874,0.3962355348482673,0.34819893230190296,-0.15061990315960688
19820,"Detroit-Warren-Dearborn, MI",Detroit,519288,173300299,0.002996463381751,0.7933457425110692,0.7732610433319316,0.6754580207640039,0.6173871196792695,-0.17595862283179964
20100,"Dover, DE",Dover,39190,5370751,0.00729693109957992,0.37991862996959824,0.3306070349155683,0.3060976246814683,0.2732178546301109,-0.10670077533948737
20260,"Duluth, MN-WI",Duluth,33565,11096480,0.00302483310022637,0.43244849315760153,0.4373385249910849,0.4071098093191337,0.4041488964828453,-0.02829959667475623
20500,"Durham-Chapel Hill, NC",Durham,154221,17027959,0.00905692807928419,0.5046771244823923,0.46736995783621,0.4447265500952265,0.3858473353244598,-0.11882978915793252
20940,"El Centro, CA",El Centro,25492,5631792,0.00452644557895604,0.5373508212776278,0.5105389830086282,0.535746074925378,0.582741530913657,0.0453907096360292
21060,"Elizabethtown-Fort Knox, KY",Elizabethtown,27319,5405450,0.00505397330472023,0.2867045199827255,0.3223425397004492,0.2888674645233538,0.28045491727138006,-0.00624960271134544
21340,"El Paso, TX",El Paso,141099,27468209,0.00513681106766007,0.2628673926629062,0.28357508034168605,0.2540470277764483,0.2501707817944399,-0.01269661086846629
21500,"Erie, PA",Erie,25572,11158431,0.00229172004558705,0.48808446922458915,0.46451238676476486,0.44099648735246183,0.4248849181877382,-0.06319955103685093
21660,"Eugene, OR",Eugene,49977,12757126,0.00391757516544086,0.2479282702124204,0.23664580288974327,0.2383451066334442,0.2658901863621996,0.01796191614977918
21780,"Evansville, IN-KY",Evansville,49068,11845746,0.00414224650773366,0.49836591752464704,0.4458631139166162,0.39847039454741406,0.35515366098615564,-0.1432122565384914
22180,"Fayetteville, NC",Fayetteville,86109,13295792,0.00647640997993951,0.33142397852893085,0.27754200758710196,0.2623856109281886,0.2295137309419455,-0.10191024758698536
22220,"Fayetteville-Springdale-Rogers, AR-MO",Fayetteville,122614,14222003,0.00862142976625725,0.4191369209523392,0.3611830765665239,0.3042330477591836,0.2886986147394186,-0.13043830621292055
22420,"Flint, MI",Flint,46089,17185516,0.00268185139160209,0.7332721924806965,0.7086730261046896,0.6241147745195902,0.5577425975094915,-0.17552959497120502
22660,"Fort Collins, CO",Fort Collins,89467,9884198,0.00905151839329807,0.2498524865777537,0.25316206639413524,0.2632908140046599,0.24133465564769063,-0.00851783093006305
22900,"Fort Smith, AR-OK",Fort Smith,31398,9961318,0.00315199253753368,0.5618189146068794,0.4893903149026102,0.4499829542557556,0.4008992977033794,-0.16091961690349998
23060,"Fort Wayne, IN",Fort Wayne,74546,15460935,0.00482157126978413,0.5843664088720533,0.564533190715082,0.49245694416231056,0.42838309155839266,-0.1559833173136606
23420,"Fresno, CA",Fresno,153932,31454056,0.00489386805949604,0.5140205692988599,0.45869740332829295,0.42308578890239473,0.38762940501796667,-0.1263911642808932
23540,"Gainesville, FL",Gainesville,69409,9117358,0.00761284135162839,0.4707792442491397,0.4487473211987485,0.4054409376882877,0.3695298981321674,-0.10124934611697228
24340,"Grand Rapids-Wyoming, MI",Grand Rapids,178199,35892371,0.00496481550355088,0.6027150056421757,0.5364505737911971,0.4758318841223461,0.4340254573708142,-0.1686895482713615
24580,"Green Bay, WI",Green Bay,70138,11053195,0.00634549557842777,0.4726530925216376,0.39731058276455267,0.3774635527533851,0.3891479531685203,-0.08350513935311732
24660,"Greensboro-High Point, NC",Greensboro,157553,25285529,0.00623095526298856,0.5730882720837148,0.5135424355883984,0.4902465007792627,0.45460581117637816,-0.11848246090733666
24860,"Greenville-Anderson-Mauldin, SC",Greenville,186507,28828102,0.00646962467386857,0.5983602383409957,0.4949200540230266,0.42878838071534786,0.3628353810138813,-0.2355248573271144
25060,"Gulfport-Biloxi-Pascagoula, MS",Gulfport,97532,14063179,0.00693527402303561,0.5517784594144938,0.4921890148396611,0.4456382600247043,0.3973260928489597,-0.15445236656553407
25180,"Hagerstown-Martinsburg, MD-WV",Hagerstown,51428,8521759,0.00603490429616702,0.5016947224815733,0.44645241952058096,0.34670450883200393,0.30327053282829725,-0.19842418965327607
25260,"Hanford-Corcoran, CA",Hanford,22510,4911054,0.00458353746466644,0.3723598124788839,0.31391852447069474,0.3004862568643241,0.2810767858365651,-0.0912830266423188
25420,"Harrisburg-Carlisle, PA",Harrisburg,85791,20423041,0.00420069665433272,0.6129730347576244,0.5884475357228444,0.5368260739270714,0.47841597450984785,-0.13455706024777658
25540,"Hartford-West Hartford-East Hartford, CT",Hartford,141174,46073934,0.00306407523177855,0.5894169095467211,0.5447294280644887,0.5194915430679597,0.4949048581650313,-0.09451205138168978
25860,"Hickory-Lenoir-Morganton, NC",Hickory,57123,13147070,0.00434492248082652,0.5484867783284652,0.4800324711879579,0.4262172699925385,0.35927048059460376,-0.1892162977338614
25980,"Hinesville, GA",Hinesville,17435,2724630,0.00639903399727669,0.21619135493809985,0.21864090407290443,0.2438591491164734,0.22008955553129456,0.0038982005931947
26380,"Houma-Thibodaux, LA",Houma,27877,7850703,0.00355089219398568,0.5769006712776019,0.5211281701961378,0.4714549460987902,0.4361265118526007,-0.1407741594250012
26420,"Houston-The Woodlands-Sugar Land, TX",Houston,1551577,195157180,0.00795039670075167,0.6104719033031341,0.5854069173760479,0.5305663065859083,0.46066744662111175,-0.1498044566820223
26580,"Huntington-Ashland, WV-KY-OH",Huntington,19460,14477179,0.00134418452655728,0.5518335240348082,0.4972291044995402,0.43608620136312465,0.40316916872778474,-0.1486643553070235
26620,"Huntsville, AL",Huntsville,100802,14020221,0.007189758278418,0.5263385371190978,0.4889046773832846,0.44145478884124606,0.3730496056309458,-0.15328893148815204
26900,"Indianapolis-Carmel-Anderson, IN",Indianapolis,414984,66558161,0.0062349078424808,0.6738602500915797,0.6061133080289339,0.5452290758905862,0.49600270832114746,-0.17785754177043225
26980,"Iowa City, IA",Iowa City,38573,5374743,0.00717671524015194,0.21251595951394267,0.26698956689516123,0.3109254627944368,0.34955205820948343,0.13703609869554076
27060,"Ithaca, NY",Ithaca,13762,3875247,0.00355125750694084,0.3050153154708524,0.29427382796983476,0.2625802080816738,0.24112152990742927,-0.06389378556342315
27140,"Jackson, MS",Jackson,97262,20781105,0.00468030934832387,0.6884282176640266,0.6033866816705332,0.5727409333367482,0.4997176432080315,-0.1887105744559951
27260,"Jacksonville, FL",Jacksonville,424006,45209057,0.00937878443250873,0.5936416726036678,0.5141022824432707,0.4660002278187878,0.4267834826758352,-0.16685818992783263
27340,"Jacksonville, NC",Jacksonville,46436,6308994,0.00736028596635216,0.20211204620948248,0.2075204209560995,0.19716041445490257,0.18461119202682377,-0.0175008541826587
28020,"Kalamazoo-Portage, MI",Kalamazoo,48511,12429400,0.00390292371313176,0.4304486969894341,0.41022546049103986,0.3923945875134322,0.3878461388675523,-0.04260255812188179
28140,"Kansas City, MO-KS",Kansas City,410587,72289887,0.00567972944818685,0.6497493887338185,0.5982071152803051,0.5141895547333302,0.4436238505285291,-0.2061255382052894
28420,"Kennewick-Richland, WA",Kennewick,48978,8161305,0.00600124612424116,0.3909896562569131,0.3780216220280947,0.32074205862908856,0.2973109146756172,-0.09367874158129592
28660,"Killeen-Temple, TX",Killeen,86327,13402857,0.00644094016671221,0.30371428433719566,0.29708308294663754,0.2876413490768689,0.3090263717385402,0.00531208740134453
28740,"Kingston, NY",Kingston,22086,6936767,0.00318390397140339,0.3911751787809844,0.38141017613984773,0.3462087962195421,0.32780327155017647,-0.06337190723080793
28940,"Knoxville, TN",Knoxville,144960,29920701,0.00484480627643048,0.5817370080792489,0.5120592843183304,0.4428119137713374,0.38885397218570417,-0.19288303589354472
29180,"Lafayette, LA",Lafayette,76761,17146676,0.00447672773428505,0.5875511644545623,0.5423754150686343,0.5059366410023575,0.4333240106476408,-0.15422715380692154
29200,"Lafayette-West Lafayette, IN",Lafayette,40495,7261216,0.00557688960086024,0.23921746448031828,0.24565262253077536,0.27728132039338454,0.2964883708762463,0.05727090639592802
29460,"Lakeland-Winter Haven, FL",Lakeland,158525,19964269,0.00794043598591062,0.6890305173963117,0.5439956900975912,0.4498986946301777,0.36698650972319263,-0.3220440076731191
29540,"Lancaster, PA",Lancaster,81943,18618328,0.00440120079525938,0.47466845231322513,0.4354375275482933,0.40505080037823954,0.3753944061217307,-0.09927404619149444
29620,"Lansing-East Lansing, MI",Lansing,62068,17955302,0.00345680624029604,0.3841535156181049,0.39026599047015753,0.3711952771390809,0.3509143966023891,-0.0332391190157158
29740,"Las Cruces, NM",Las Cruces,40533,6753331,0.00600192704903698,0.3051166770315268,0.31264208760700085,0.2809435059434709,0.28812489196164504,-0.01699178506988175
29820,"Las Vegas-Henderson-Paradise, NV",Las Vegas,735958,53612837,0.01372727207105268,0.385590169918528,0.281941052052438,0.24830955301080937,0.2551254480799978,-0.1304647218385302
29940,"Lawrence, KS",Lawrence,30100,3859219,0.00779950554762505,0.21359928162072764,0.19120194388089232,0.1859028234412044,0.17698103009997573,-0.0366182515207519
30020,"Lawton, OK",Lawton,11912,4993088,0.00238569798889985,0.27891545805684037,0.2500925103099068,0.23522644559694897,0.23743920299734303,-0.04147625505949734
30460,"Lexington-Fayette, KY",Lexington,117689,16413776,0.00717013562266233,0.4839464750291724,0.3969490414510683,0.34456965956045027,0.31179955371134477,-0.1721469213178276
30700,"Lincoln, NE",Lincoln,66839,10691350,0.00625168944988238,0.30889647178947416,0.300841880978621,0.2855373314260073,0.2737321601932725,-0.03516431159620165
30780,"Little Rock-North Little Rock-Conway, AR",Little Rock,120556,24609009,0.00489885634972135,0.6035147232933313,0.5581387621556645,0.5189806687814684,0.4681035266152987,-0.13541119667803264
31080,"Los Angeles-Long Beach-Anaheim, CA",Los Angeles,1251071,477951119,0.00261757102403603,0.6275931222524797,0.5917899723848392,0.5652436543849138,0.5079129562140587,-0.11968016603842092
31140,"Louisville/Jefferson County, KY-IN",Louisville/Jefferson County,212549,45366581,0.00468514477650409,0.630076618956315,0.571018853338741,0.4977873666040289,0.4406067159467818,-0.18946990300953315
31180,"Lubbock, TX",Lubbock,58581,10607000,0.00552286226077118,0.6162138203208513,0.5578863150838539,0.46805877281358826,0.4491571451146782,-0.16705667520617307
31460,"Madera, CA",Madera,27897,4726720,0.00590197853902917,0.4994607648124837,0.4882978708883593,0.4533930068280495,0.4415831549935671,-0.0578776098189166
31540,"Madison, WI",Madison,140966,21439608,0.00657502693146255,0.3688026071864263,0.40723391037761913,0.40679844582357433,0.3809133601969252,0.01211075301049885
31700,"Manchester-Nashua, NH",Manchester,74212,14609817,0.0050795981907234,0.2471023942503199,0.2655386757592448,0.2917926632985708,0.29833415025990007,0.05123175600958016
31740,"Manhattan, KS",Manhattan,17507,3472114,0.00504217315445287,0.32909355462366247,0.2817891301628318,0.2251210672937721,0.25606220879283864,-0.07303134583082382
32820,"Memphis, TN-MS-AR",Memphis,268200,47774335,0.00561389289877085,0.6515755882700711,0.5917107209782576,0.5495220594690103,0.5108096782999657,-0.1407659099701054
32900,"Merced, CA",Merced,41049,8502242,0.00482802065619868,0.33566056364159785,0.3405272378160917,0.3282323349355204,0.32658096928862285,-0.009079594352975
33100,"Miami-Fort Lauderdale-West Palm Beach, FL",Miami,1272998,193512179,0.00657838698617517,0.6826180515051113,0.6145040438701771,0.5581821250814719,0.5258993081870645,-0.1567187433180468
33340,"Milwaukee-Waukesha-West Allis, WI",Milwaukee,190596,59644559,0.00319553037520153,0.725105980904343,0.714639602570356,0.7003226683458245,0.6728382701467721,-0.05226771075757086
33460,"Minneapolis-St. Paul-Bloomington, MN-WI",Minneapolis,699587,118873606,0.00588513315563086,0.471261212873255,0.4723084735334354,0.4417369470480726,0.4130826373402518,-0.05817857553300321
33660,"Mobile, AL",Mobile,60460,15860227,0.00381205136597351,0.6937165404946133,0.6164186213081472,0.5574545420112365,0.4823056502204726,-0.21141089027414067
33700,"Modesto, CA",Modesto,83331,17331409,0.00480809148292559,0.2815197981963842,0.28280155078762764,0.2750671779410292,0.27450810875761616,-0.007011689438768
33860,"Montgomery, AL",Montgomery,56036,13557021,0.00413335643575384,0.6301026056978937,0.549334022586825,0.4952654403133117,0.4410674410162553,-0.1890351646816384
34820,"Myrtle Beach-Conway-North Myrtle Beach, SC-NC",Myrtle Beach,227310,11384004,0.01996749122716401,0.593722838020438,0.5271525366784997,0.44281034558184834,0.3578652165363202,-0.23585762148411785
34900,"Napa, CA",Napa,19124,4893579,0.00390797818937836,0.32212087177904153,0.36832397079116647,0.43367521429166184,0.417262325376296,0.09514145359725446
34980,"Nashville-Davidson--Murfreesboro--Franklin, TN",Nashville,500441,55806259,0.00896747083512621,0.5627205270076248,0.4890387032629566,0.4383342908374663,0.37340610322581486,-0.1893144237818099
35300,"New Haven-Milford, CT",New Haven,87931,32972692,0.0026667825605504,0.5643122562621103,0.5308663056636989,0.485119936223214,0.4396208689954446,-0.12469138726666572
35380,"New Orleans-Metairie, LA",New Orleans,183794,51580885,0.00356321920416836,0.6628696698254593,0.6565939696536136,0.6013146730498432,0.5479660123152804,-0.11490365751017884
35620,"New York-Newark-Jersey City, NY-NJ-PA",New York,1820506,743879407,0.00244731334523957,0.7289671616797464,0.7115916051903808,0.6738610416883608,0.6223989777856768,-0.10656818389406963
35660,"Niles-Benton Harbor, MI",Niles,16686,6418071,0.00259984658941915,0.6945374106676334,0.6660234638072449,0.634320388292488,0.6222624069447128,-0.07227500372292062
35840,"North Port-Sarasota-Bradenton, FL",North Port,267224,23737826,0.0112573072192879,0.722230526319982,0.6236304996950448,0.5102812692736336,0.4405978851482651,-0.2816326411717169
35980,"Norwich-New London, CT",Norwich,34852,10420516,0.00334455606612954,0.3167076295912893,0.3496000940059806,0.3395893033143922,0.340286022223255,0.0235783926319657
36260,"Ogden-Clearfield, UT",Ogden,126988,19685873,0.00645071722244677,0.3529062988250823,0.3104924993833198,0.2812675536331374,0.2577711026441865,-0.09513519618089578
36420,"Oklahoma City, OK",Oklahoma City,248737,44880166,0.00554224777154344,0.5373510345778825,0.4888949983196689,0.43688703441459226,0.378517423561542,-0.15883361101634047
36500,"Olympia-Tumwater, WA",Olympia,65012,8226192,0.00790304918727887,0.24227984029952457,0.2279293953130025,0.22170310393515583,0.22435099181346368,-0.01792884848606088
36540,"Omaha-Council Bluffs, NE-IA",Omaha,170470,31101467,0.00548109193691731,0.5836556134678984,0.5529093354850664,0.5031332316168016,0.4523480753931056,-0.13130753807479278
36740,"Orlando-Kissimmee-Sanford, FL",Orlando,798794,66746420,0.01196759316829277,0.5882328438043855,0.4890937469558329,0.44212074441207777,0.39402955753860647,-0.19420328626577896
37100,"Oxnard-Thousand Oaks-Ventura, CA",Oxnard,102174,29298040,0.00348740052235576,0.2962685468923192,0.3112099631836416,0.29732871074034734,0.288674854981461,-0.00759369191085818
37340,"Palm Bay-Melbourne-Titusville, FL",Palm Bay,174411,18570792,0.00939168345647293,0.5501712471633388,0.4479463038385004,0.3771105945353179,0.33423947679556815,-0.2159317703677706
37460,"Panama City, FL",Panama City,69215,6429296,0.01076556437905487,0.5959972026049432,0.4960459174837248,0.43341398292730954,0.3838119439781326,-0.21218525862681056
37860,"Pensacola-Ferry Pass-Brent, FL",Pensacola,119032,16062691,0.00741046441097572,0.5678998705888102,0.46803611938528816,0.4228378303643204,0.3700077161597649,-0.19789215442904529
37900,"Peoria, IL",Peoria,36874,14804737,0.00249068929762143,0.558156692120839,0.5623769532147405,0.5570782653144113,0.5422674565352684,-0.01588923558557053
37980,"Philadelphia-Camden-Wilmington, PA-NJ-DE-MD",Philadelphia,670527,227419827,0.00294841047434267,0.7112362039162294,0.6439104801530167,0.5992739637254957,0.5483375160343291,-0.16289868788190032
38060,"Phoenix-Mesa-Scottsdale, AZ",Phoenix,1266929,128632120,0.00984924294180955,0.3998250214783578,0.34057017752541385,0.31709169743513976,0.30941941154378233,-0.09040560993457548
38300,"Pittsburgh, PA",Pittsburgh,218861,97613616,0.00224211548520034,0.6276393765579623,0.593982490698342,0.5466445920608581,0.5060834856784708,-0.12155589087949148
38860,"Portland-South Portland, ME",Portland,107111,19007549,0.00563518210580438,0.29450659675267443,0.31959412164330453,0.3938471007096335,0.4127274822556233,0.11822088550294883
38900,"Portland-Vancouver-Hillsboro, OR-WA",Portland,490821,75633598,0.006489457238303,0.4918843331449188,0.39434863108189017,0.32421740137434957,0.28655873090326117,-0.20532560224165763
38940,"Port St. Lucie, FL",Port St. Lucie,158514,13085240,0.01211395434856372,0.7365487844053531,0.621183677675077,0.45203288371184086,0.4072539074651253,-0.3292948769402278
39300,"Providence-Warwick, RI-MA",Providence,167903,62106215,0.00270348144706612,0.46668032494285616,0.4287001110563478,0.3954803118590793,0.3517608123588274,-0.11491951258402876
39580,"Raleigh, NC",Raleigh,420437,33219767,0.01265622964784792,0.4704279993606339,0.411950977571087,0.37474129157860586,0.30513365960012206,-0.16529433976051183
39740,"Reading, PA",Reading,49397,14836930,0.00332932756304707,0.4582398422285569,0.4334201443713443,0.4096710388524432,0.3792220978706999,-0.07901774435785702
39820,"Redding, CA",Redding,34052,6371939,0.00534405618132879,0.33165432735747213,0.2730594081139679,0.2736290844962901,0.278407786872152,-0.05324654048532012
39900,"Reno, NV",Reno,119645,13543751,0.00883396335328374,0.26733885035485366,0.2534976229036407,0.24451992089704436,0.2486549529340348,-0.01868389742081885
40060,"Richmond, VA",Richmond,276204,42248777,0.00653756202220954,0.5393149911606407,0.49342967607543103,0.4629535523232189,0.4028738911369619,-0.13644110002367882
40140,"Riverside-San Bernardino-Ontario, CA",Riverside,865492,130554819,0.00662933782628123,0.3234628638505508,0.33445313415527367,0.329942460817021,0.3154616034966026,-0.00800126035394815
40220,"Roanoke, VA",Roanoke,47366,11512608,0.00411427193560312,0.5975233647920726,0.536454390476212,0.5003328223060258,0.43291300630324714,-0.16461035848882544
40380,"Rochester, NY",Rochester,119467,42057503,0.00284056331161647,0.5464926955878092,0.5554062373392706,0.5355631757543414,0.5029472719503286,-0.04354542363748059
40420,"Rockford, IL",Rockford,48215,12598855,0.00382693506671836,0.5992625810011754,0.5206093637205279,0.4661271935741652,0.4417589816323408,-0.15750359936883457
40900,"Sacramento--Roseville--Arden-Arcade, CA",Sacramento,450710,71460512,0.0063071196579168,0.3724536683113931,0.3876415778765174,0.38486426300354526,0.3638329210275878,-0.00862074728380529
40980,"Saginaw, MI",Saginaw,17229,8308593,0.00207363629437619,0.7429241724845335,0.67269795330817606,0.6058082785799693,0.5617398450747928,-0.18118432740974064
41180,"St. Louis, MO-IL",St. Louis,422397,106635923,0.00396111355457578,0.7166167550747774,0.660239611448713,0.6356319629999309,0.5941567276322269,-0.12246002744255048
41420,"Salem, OR",Salem,63495,13497667,0.00470414627950148,0.31835865584417866,0.2763403464695595,0.26927957318741075,0.27430755445150606,-0.0440511013926726
41500,"Salinas, CA",Salinas,43344,15272983,0.00283795248118851,0.34808226849421225,0.37598801697037226,0.3701114326564957,0.37404743086841585,0.0259651623742036
41540,"Salisbury, MD-DE",Salisbury,131452,12383675,0.01061494265636008,0.5638069166938379,0.5064543158175153,0.49110142661285255,0.4469003887794039,-0.11690652791443396
41620,"Salt Lake City, UT",Salt Lake City,220412,37221425,0.00592164324713521,0.2868391885521837,0.28114930401641997,0.2925586878065529,0.28435768323469807,-0.00248150531748564
41700,"San Antonio-New Braunfels, TX",San Antonio,410871,70947894,0.00579116555595011,0.4644158366162307,0.4156049202316889,0.36872327133150645,0.3176265726551162,-0.14678926396111452
41740,"San Diego-Carlsbad, CA",San Diego,502249,109464161,0.00458825057819609,0.39880543490581055,0.38693244002950605,0.367000250636755,0.3299154150709677,-0.06889001983484283
41860,"San Francisco-Oakland-Hayward, CA",San Francisco,508266,161001246,0.00315690724530169,0.5338228403030223,0.5194380073221759,0.47176537436044674,0.4238655403190005,-0.10995729998402182
41940,"San Jose-Sunnyvale-Santa Clara, CA",San Jose,236201,67453389,0.00350169210919854,0.2597625716693704,0.2867326424352281,0.30217907313952014,0.2914146415674698,0.03165206989809943
42020,"San Luis Obispo-Paso Robles-Arroyo Grande, CA",San Luis Obispo,58282,9480687,0.00614744480015003,0.3954273009374799,0.4347719556406335,0.4890913811801075,0.44419225566826354,0.04876495473078363
42100,"Santa Cruz-Watsonville, CA",Santa Cruz,25654,9739529,0.00263400827699162,0.21301771532870076,0.20480236839064064,0.2371043697199893,0.3083826971621817,0.09536498183348094
42200,"Santa Maria-Santa Barbara, CA",Santa Maria,42510,15629936,0.00271978081036288,0.25355937731366945,0.28819753234448975,0.2931152295137616,0.30313113970196404,0.04957176238829458
42220,"Santa Rosa, CA",Santa Rosa,86653,17190223,0.00504083047671923,0.21310559683495747,0.24747456820188232,0.26402572419927456,0.2768764354529419,0.06377083861798441
42340,"Savannah, GA",Savannah,91687,12102685,0.0075757569498008,0.6332837622378017,0.5505578897928183,0.47745354234677967,0.4074800080823701,-0.2258037541554316
42540,"Scranton--Wilkes-Barre--Hazleton, PA",Scranton,49564,22759117,0.00217776462944498,0.526076189161098,0.4759206112905208,0.42583574193274537,0.3901999182582451,-0.13587627090285287
42660,"Seattle-Tacoma-Bellevue, WA",Seattle,839035,119931555,0.00699594864754317,0.388232589165959,0.3365313759085758,0.32751290561627816,0.308874424903328,-0.07935816426263098
43340,"Shreveport-Bossier City, LA",Shreveport,56215,16919669,0.0033224645233899,0.6311097857159177,0.5676210404452449,0.5372880973681293,0.4773021645226744,-0.15380762119324332
43420,"Sierra Vista-Douglas, AZ",Sierra Vista,22296,4529804,0.00492206726825266,0.2819820388439863,0.28916714994096787,0.27066223874967527,0.29768485852915616,0.01570281968516984
43580,"Sioux City, IA-NE-SD",Sioux City,18339,6546701,0.00280125822150729,0.43531997233516473,0.3962990816431434,0.4511037258340554,0.48357898082010786,0.04825900848494313
43780,"South Bend-Mishawaka, IN-MI",South Bend,42997,12357205,0.00347950851345429,0.5199672857148213,0.4873444569107028,0.48117775902090826,0.43249367326065585,-0.08747361245416546
43900,"Spartanburg, SC",Spartanburg,61974,11358199,0.00545632278497673,0.5698777930928113,0.4950200434994852,0.44104785083687265,0.360675497878268,-0.20920229521454323
44060,"Spokane-Spokane Valley, WA",Spokane,99189,18761955,0.00528670919421776,0.34027601828342346,0.3122612274446693,0.3041933449161612,0.29731338790929185,-0.04296263037413161
44100,"Springfield, IL",Springfield,31903,8018884,0.00397848378901602,0.5535927105792621,0.4976242988671777,0.47605003556138353,0.4329980461234717,-0.12059466445579035
44140,"Springfield, MA",Springfield,54133,24345669,0.00222351663451926,0.5497684693096162,0.524247639022661,0.49568744065307313,0.45635455602984715,-0.09341391327976906
44180,"Springfield, MO",Springfield,92433,14642684,0.00631257220329278,0.40781209219793646,0.36232338470941233,0.3225538665109215,0.2996293911851073,-0.10818270101282916
44300,"State College, PA",State College,25147,5525364,0.00455119336934182,0.3239469425845185,0.35770984080705487,0.3120967816715621,0.36429975616691,0.04035281358239151
44700,"Stockton-Lodi, CA",Stockton,118626,22830082,0.00519603915570693,0.4794190976542198,0.4222755648284747,0.3882479486936215,0.3744651705599505,-0.10495392709426932
45060,"Syracuse, NY",Syracuse,65908,26201226,0.00251545481116036,0.5808976080999173,0.564107602597174,0.5290300941832788,0.4929484887695728,-0.0879491193303445
45220,"Tallahassee, FL",Tallahassee,95146,12444957,0.00764534582160468,0.5164832919121671,0.42560965829299297,0.4189860940530489,0.3793646795624884,-0.1371186123496787
45300,"Tampa-St. Petersburg-Clearwater, FL",Tampa,762691,96413038,0.0079106624562541,0.6531528180295065,0.5669150625646027,0.47402471464351503,0.40338559420801423,-0.2497672238214923
45460,"Terre Haute, IN",Terre Haute,15002,6838703,0.00219369082119811,0.4889580603781799,0.46140663641639607,0.4761599458992743,0.4529022873422716,-0.03605577303590829
45780,"Toledo, OH",Toledo,70069,24525141,0.00285702740710033,0.6472212666530104,0.5995828775233653,0.5277760940178599,0.46481827744963267,-0.18240298920337772
45820,"Topeka, KS",Topeka,32916,8861095,0.0037146650611465,0.44182119296224254,0.41601550845865515,0.3862377723962836,0.3642187476140323,-0.07760244534821026
45940,"Trenton, NJ",Trenton,41891,13798702,0.00303586525747131,0.6599877470793525,0.5926801001516437,0.5488854101230918,0.5034471246216584,-0.15654062245769407
46060,"Tucson, AZ",Tucson,228832,32755822,0.00698599473400484,0.3032342583311935,0.269735087250605,0.2632045478179921,0.2664414819616899,-0.03679277636950362
46140,"Tulsa, OK",Tulsa,164042,34267469,0.00478710581163727,0.6038372037594912,0.5435176377782486,0.4868788399131837,0.4338342321368155,-0.17000297162267575
46220,"Tuscaloosa, AL",Tuscaloosa,41403,8261435,0.00501159907449492,0.6108525485050568,0.5605069093447927,0.5248634683033543,0.46487923624781463,-0.14597331225724214
46540,"Utica-Rome, NY",Utica,20710,12235189,0.00169265877298666,0.5141139867915466,0.5088029354378867,0.4619394414813036,0.46906138912445594,-0.04505259766709069
46700,"Vallejo-Fairfield, CA",Vallejo,76486,14792516,0.00517058761335799,0.257253141577245,0.2837010308477246,0.2850117222283172,0.279716709695974,0.02246356811872901
47220,"Vineland-Bridgeton, NJ",Vineland,13572,5835933,0.00232559215467346,0.5071057751665179,0.456805182593905,0.43326749585836705,0.3957431040296917,-0.1113626711368262
47260,"Virginia Beach-Norfolk-Newport News, VA-NC",Virginia Beach,370338,61978850,0.0059752318734536,0.47248279056366954,0.4176116560568238,0.4064123086491542,0.3656745709358987,-0.10680821962777082
47300,"Visalia-Porterville, CA",Visalia,67381,14768221,0.00456256715009885,0.4245477469613336,0.3979990715266094,0.3854560776713547,0.34097273298126785,-0.08357501398006578
47380,"Waco, TX",Waco,36552,9213466,0.00396723665122332,0.5953750852579514,0.5179121287760091,0.4753646871812904,0.42735689849724473,-0.16801818676070662
47580,"Warner Robins, GA",Warner Robins,47264,5898849,0.00801241055670352,0.5075527325411338,0.4063912964508742,0.3328457704997098,0.2682139744321745,-0.23933875810895927
47900,"Washington-Arlington-Alexandria, DC-VA-MD-WV",Washington,1188931,194425902,0.00611508542724929,0.5400753054485653,0.5185113309078289,0.5050946601052062,0.47029457813703607,-0.06978072731152923
47940,"Waterloo-Cedar Falls, IA",Waterloo,16563,6632446,0.00249726873011857,0.6035369906966478,0.5668313953978384,0.5158756567821147,0.4634364478710135,-0.14010054282563428
48620,"Wichita, KS",Wichita,105885,22862221,0.00463143978881141,0.5968860213763457,0.5283734226114706,0.4758345384993012,0.425116459767506,-0.17176956160883972
48660,"Wichita Falls, TX",Wichita Falls,13409,5902370,0.00227179929418182,0.5532363090369192,0.4711802146344001,0.4273548199736259,0.3901028448131312,-0.16313346422378805
49180,"Winston-Salem, NC",Winston,135212,22514663,0.00600550849906125,0.6120927367010115,0.5537815643792922,0.5053086924458516,0.4538030425808011,-0.15828969412021038
49340,"Worcester, MA-CT",Worcester,122017,34138234,0.00357420363338068,0.35741635521548176,0.3770884096653498,0.3686082817843851,0.3588579027540731,0.00144154753859132
49420,"Yakima, WA",Yakima,23079,8649687,0.0026681890338922,0.4302629588779046,0.3996824836497988,0.3756274641617567,0.37900855099502134,-0.05125440788288327
49620,"York-Hanover, PA",York,72644,15322514,0.00474099746294896,0.5621260508209587,0.5201677174629216,0.4325328998446005,0.38240570348864666,-0.179720347332312
49660,"Youngstown-Warren-Boardman, OH-PA",Youngstown,43454,23848970,0.00182204933797979,0.6465708322211531,0.6098737160941137,0.5489909637083341,0.49733224722237224,-0.14923858499878084
49700,"Yuba City, CA",Yuba City,28342,5666338,0.0050018195172967,0.2532820080447479,0.2496538656188876,0.24444802860492135,0.24695468066204523,-0.00632732738270264
49740,"Yuma, AZ",Yuma,37787,6007911,0.0062895405740864,0.31367626085521094,0.3216221108264813,0.36239057333856733,0.3944917767525325,0.08081551589732155
